case_id,case_type
1,單純原被告各一
2,單純原被告各一
3,單純原被告各一
4,單純原被告各一
5,單純原被告各一
6,單純原被告各一
7,單純原被告各一
8,單純原被告各一
9,單純原被告各一
10,單純原被告各一
11,單純原被告各一
12,單純原被告各一
13,單純原被告各一
14,單純原被告各一
15,單純原被告各一
16,數名原告
17,單純原被告各一
18,單純原被告各一
19,單純原被告各一
20,數名原告
21,單純原被告各一
22,數名被告
23,單純原被告各一
24,單純原被告各一
25,單純原被告各一
26,單純原被告各一
27,數名原告
28,數名原告
29,數名原告
30,單純原被告各一
31,數名原告
32,數名被告+§188僱用人案型
33,單純原被告各一
34,數名被告+§187未成年案型
35,數名被告
36,數名原告
37,單純原被告各一
38,單純原被告各一
39,單純原被告各一
40,單純原被告各一
41,單純原被告各一
42,數名原告
43,單純原被告各一
44,單純原被告各一
45,數名原告
46,單純原被告各一
47,單純原被告各一
48,單純原被告各一
49,數名被告+§187未成年案型
50,單純原被告各一
51,單純原被告各一
52,單純原被告各一
53,單純原被告各一
54,數名原告
55,單純原被告各一
56,單純原被告各一+§187未成年案型
57,單純原被告各一
58,單純原被告各一
59,單純原被告各一
60,單純原被告各一+§187未成年案型
61,單純原被告各一
62,單純原被告各一
63,數名原告
64,單純原被告各一
65,單純原被告各一
66,數名原告
67,單純原被告各一+§190動物案型
68,單純原被告各一
69,單純原被告各一
70,單純原被告各一
71,單純原被告各一
72,單純原被告各一
73,單純原被告各一
74,數名原告
75,數名被告
76,單純原被告各一
77,單純原被告各一
78,數名原告
79,單純原被告各一
80,單純原被告各一
81,單純原被告各一
82,單純原被告各一
83,數名原告
84,單純原被告各一
85,單純原被告各一
86,單純原被告各一
87,單純原被告各一
88,單純原被告各一
89,單純原被告各一
90,單純原被告各一+§188僱用人案型
91,數名被告+§188僱用人案型
92,單純原被告各一
93,單純原被告各一
94,單純原被告各一
95,原被告皆數名+§188僱用人案型
96,原被告皆數名+§188僱用人案型
97,單純原被告各一
98,數名原告
99,單純原被告各一
100,數名被告+§188僱用人案型
101,原被告皆數名
102,單純原被告各一
103,單純原被告各一
104,單純原被告各一
105,單純原被告各一
106,數名被告+§188僱用人案型
107,單純原被告各一
108,單純原被告各一
109,數名被告+§188僱用人案型
110,單純原被告各一
111,單純原被告各一
112,單純原被告各一
113,單純原被告各一
114,單純原被告各一
115,單純原被告各一
116,單純原被告各一
117,單純原被告各一
118,單純原被告各一
119,數名被告
120,數名被告+§187未成年案型
121,單純原被告各一
122,單純原被告各一
123,單純原被告各一
124,單純原被告各一
125,單純原被告各一
126,數名被告
127,數名原告
128,單純原被告各一
129,單純原被告各一
130,單純原被告各一
131,單純原被告各一
132,單純原被告各一
133,單純原被告各一
134,單純原被告各一
135,單純原被告各一
136,數名原告
137,單純原被告各一
138,單純原被告各一
139,單純原被告各一
140,單純原被告各一
141,單純原被告各一
142,單純原被告各一
143,單純原被告各一
144,單純原被告各一
145,單純原被告各一
146,數名原告
147,單純原被告各一
148,單純原被告各一
149,單純原被告各一+§188僱用人案型
150,單純原被告各一
151,單純原被告各一
152,數名原告
153,單純原被告各一
154,單純原被告各一
155,單純原被告各一
156,單純原被告各一
157,單純原被告各一
158,單純原被告各一
159,單純原被告各一
160,單純原被告各一
161,單純原被告各一
162,單純原被告各一
163,單純原被告各一
164,單純原被告各一
165,單純原被告各一
166,單純原被告各一
167,單純原被告各一
168,單純原被告各一
169,單純原被告各一
170,單純原被告各一
171,單純原被告各一
172,單純原被告各一
173,單純原被告各一
174,單純原被告各一
175,單純原被告各一
176,數名原告+§188僱用人案型
177,單純原被告各一
178,單純原被告各一
179,單純原被告各一
180,單純原被告各一
181,單純原被告各一
182,單純原被告各一
183,單純原被告各一
184,單純原被告各一
185,單純原被告各一
186,單純原被告各一
187,單純原被告各一
188,單純原被告各一
189,單純原被告各一
190,數名原告
191,單純原被告各一
192,單純原被告各一
193,單純原被告各一
194,單純原被告各一
195,數名被告
196,單純原被告各一
197,單純原被告各一
198,單純原被告各一
199,單純原被告各一
200,單純原被告各一
201,單純原被告各一
202,單純原被告各一
203,單純原被告各一
204,單純原被告各一
205,單純原被告各一
206,單純原被告各一
207,單純原被告各一
208,數名原告
209,單純原被告各一
210,單純原被告各一
211,單純原被告各一
212,單純原被告各一
213,單純原被告各一
214,數名原告
215,數名被告+§188僱用人案型
216,數名原告
217,單純原被告各一
218,單純原被告各一
219,數名被告+§188僱用人案型
220,單純原被告各一
221,單純原被告各一
222,單純原被告各一
223,單純原被告各一
224,數名被告
225,單純原被告各一
226,數名原告
227,單純原被告各一
228,單純原被告各一
229,單純原被告各一
230,單純原被告各一
231,單純原被告各一
232,單純原被告各一
233,單純原被告各一
234,單純原被告各一
235,單純原被告各一+§188僱用人案型
236,單純原被告各一
237,單純原被告各一
238,單純原被告各一
239,數名原告
240,單純原被告各一
241,單純原被告各一
242,單純原被告各一
243,單純原被告各一
244,單純原被告各一
245,單純原被告各一
246,單純原被告各一+§190動物案型
247,單純原被告各一
248,數名原告
249,單純原被告各一
250,單純原被告各一
251,單純原被告各一
252,單純原被告各一
253,單純原被告各一
254,單純原被告各一
255,單純原被告各一
256,單純原被告各一
257,單純原被告各一
258,單純原被告各一
259,單純原被告各一
260,單純原被告各一
261,單純原被告各一
262,單純原被告各一
263,單純原被告各一
264,單純原被告各一
265,單純原被告各一
266,單純原被告各一
267,數名原告
268,單純原被告各一
269,單純原被告各一
270,單純原被告各一
271,單純原被告各一
272,單純原被告各一
273,單純原被告各一
274,單純原被告各一
275,單純原被告各一
276,單純原被告各一
277,數名被告+§188僱用人案型
278,單純原被告各一
279,單純原被告各一
280,單純原被告各一
281,單純原被告各一
282,單純原被告各一
283,單純原被告各一
284,單純原被告各一
285,單純原被告各一
286,單純原被告各一
287,單純原被告各一
288,單純原被告各一
289,單純原被告各一
290,單純原被告各一
291,單純原被告各一
292,單純原被告各一
293,單純原被告各一
294,單純原被告各一
295,數名原告
296,單純原被告各一
297,單純原被告各一
298,單純原被告各一
299,單純原被告各一
300,單純原被告各一
301,單純原被告各一
302,單純原被告各一
303,單純原被告各一
304,單純原被告各一
305,單純原被告各一
306,單純原被告各一
307,單純原被告各一
308,單純原被告各一
309,單純原被告各一
310,單純原被告各一
311,數名被告+§188僱用人案型
312,單純原被告各一
313,單純原被告各一
314,單純原被告各一
315,單純原被告各一
316,單純原被告各一
317,單純原被告各一
318,單純原被告各一
319,單純原被告各一
320,單純原被告各一
321,單純原被告各一
322,單純原被告各一
323,數名原告
324,單純原被告各一
325,單純原被告各一
326,單純原被告各一
327,數名原告
328,單純原被告各一
329,單純原被告各一
330,單純原被告各一
331,數名原告
332,單純原被告各一
333,單純原被告各一
334,單純原被告各一
335,單純原被告各一
336,單純原被告各一
337,單純原被告各一
338,單純原被告各一
339,單純原被告各一
340,單純原被告各一
341,單純原被告各一
342,單純原被告各一
343,單純原被告各一
344,單純原被告各一
345,單純原被告各一
346,單純原被告各一
347,單純原被告各一
348,數名被告
349,原被告皆數名
350,單純原被告各一
351,單純原被告各一
352,單純原被告各一
353,數名被告+§188僱用人案型
354,數名原告
355,單純原被告各一
356,單純原被告各一
357,單純原被告各一
358,單純原被告各一
359,單純原被告各一
360,單純原被告各一
361,數名被告+§188僱用人案型
362,單純原被告各一
363,單純原被告各一
364,單純原被告各一
365,單純原被告各一
366,單純原被告各一
367,單純原被告各一
368,單純原被告各一
369,數名被告
370,單純原被告各一
371,單純原被告各一
372,單純原被告各一
373,單純原被告各一
374,單純原被告各一
375,單純原被告各一
376,單純原被告各一
377,單純原被告各一
378,單純原被告各一
379,單純原被告各一+§190動物案型
380,單純原被告各一
381,單純原被告各一
382,單純原被告各一+§188僱用人案型
383,單純原被告各一
384,數名原告
385,單純原被告各一
386,單純原被告各一
387,單純原被告各一
388,單純原被告各一
389,單純原被告各一
390,單純原被告各一
391,單純原被告各一
392,單純原被告各一
393,單純原被告各一
394,單純原被告各一
395,單純原被告各一
396,單純原被告各一
397,數名原告
398,單純原被告各一
399,單純原被告各一
400,單純原被告各一
401,單純原被告各一
402,單純原被告各一
403,單純原被告各一
404,單純原被告各一
405,數名原告
406,單純原被告各一
407,單純原被告各一
408,單純原被告各一
409,單純原被告各一
410,單純原被告各一
411,單純原被告各一
412,單純原被告各一
413,單純原被告各一
414,單純原被告各一
415,單純原被告各一
416,單純原被告各一
417,單純原被告各一
418,單純原被告各一
419,單純原被告各一
420,單純原被告各一
421,單純原被告各一
422,單純原被告各一
423,單純原被告各一
424,單純原被告各一
425,單純原被告各一
426,數名被告
427,單純原被告各一
428,單純原被告各一
429,數名原告
430,單純原被告各一
431,單純原被告各一
432,單純原被告各一+§188僱用人案型
433,單純原被告各一
434,單純原被告各一
435,單純原被告各一
436,單純原被告各一
437,單純原被告各一
438,單純原被告各一
439,單純原被告各一
440,數名原告
441,單純原被告各一
442,單純原被告各一
443,單純原被告各一
444,單純原被告各一
445,單純原被告各一
446,單純原被告各一
447,單純原被告各一
448,單純原被告各一
449,單純原被告各一
450,單純原被告各一+§188僱用人案型
451,單純原被告各一
452,單純原被告各一
453,數名被告
454,單純原被告各一
455,單純原被告各一
456,單純原被告各一
457,單純原被告各一
458,單純原被告各一
459,單純原被告各一
460,單純原被告各一
461,數名原告
462,單純原被告各一
463,單純原被告各一
464,單純原被告各一
465,單純原被告各一
466,單純原被告各一
467,單純原被告各一
468,單純原被告各一
469,單純原被告各一
470,單純原被告各一
471,單純原被告各一
472,單純原被告各一
473,單純原被告各一
474,單純原被告各一
475,單純原被告各一
476,單純原被告各一
477,單純原被告各一
478,單純原被告各一
479,單純原被告各一
480,單純原被告各一
481,單純原被告各一
482,數名原告
483,數名原告
484,單純原被告各一
485,單純原被告各一
486,單純原被告各一
487,單純原被告各一
488,單純原被告各一
489,單純原被告各一
490,單純原被告各一
491,單純原被告各一
492,單純原被告各一
493,單純原被告各一
494,單純原被告各一
495,單純原被告各一
496,單純原被告各一
497,單純原被告各一
498,單純原被告各一
499,單純原被告各一
500,單純原被告各一
501,單純原被告各一
502,單純原被告各一
503,數名原告
504,單純原被告各一
505,單純原被告各一+§188僱用人案型
506,單純原被告各一
507,單純原被告各一
508,單純原被告各一
509,單純原被告各一
510,單純原被告各一
511,單純原被告各一
512,單純原被告各一
513,單純原被告各一
514,數名原告
515,數名被告
516,單純原被告各一
517,數名被告
518,單純原被告各一
519,單純原被告各一
520,單純原被告各一
521,數名被告
522,單純原被告各一
523,單純原被告各一
524,單純原被告各一
525,單純原被告各一
526,單純原被告各一
527,單純原被告各一
528,單純原被告各一
529,單純原被告各一
530,單純原被告各一
531,單純原被告各一
532,單純原被告各一
533,單純原被告各一
534,單純原被告各一
535,單純原被告各一
536,單純原被告各一
537,單純原被告各一
538,單純原被告各一
539,單純原被告各一
540,單純原被告各一
541,數名原告
542,單純原被告各一
543,單純原被告各一
544,單純原被告各一
545,單純原被告各一
546,單純原被告各一
547,單純原被告各一
548,單純原被告各一+§188僱用人案型
549,單純原被告各一
550,單純原被告各一
551,單純原被告各一+§188僱用人案型
552,單純原被告各一
553,單純原被告各一
554,單純原被告各一
555,單純原被告各一
556,單純原被告各一
557,單純原被告各一
558,單純原被告各一
559,單純原被告各一
560,單純原被告各一
561,單純原被告各一
562,單純原被告各一
563,單純原被告各一
564,單純原被告各一
565,單純原被告各一
566,單純原被告各一
567,單純原被告各一
568,單純原被告各一
569,數名被告+§188僱用人案型
570,單純原被告各一
571,單純原被告各一
572,單純原被告各一+§188僱用人案型
573,數名被告
574,單純原被告各一
575,單純原被告各一
576,單純原被告各一
577,單純原被告各一
578,單純原被告各一
579,單純原被告各一
580,單純原被告各一
581,單純原被告各一
582,單純原被告各一
583,單純原被告各一
584,單純原被告各一
585,數名原告
586,數名原告
587,單純原被告各一
588,單純原被告各一
589,單純原被告各一
590,單純原被告各一
591,單純原被告各一
592,數名原告
593,數名原告
594,單純原被告各一
595,單純原被告各一
596,單純原被告各一
597,單純原被告各一
598,數名原告
599,單純原被告各一+§188僱用人案型
600,單純原被告各一
601,單純原被告各一
602,單純原被告各一
603,單純原被告各一
604,單純原被告各一
605,單純原被告各一
606,單純原被告各一
607,單純原被告各一
608,單純原被告各一
609,單純原被告各一
610,數名原告
611,單純原被告各一
612,單純原被告各一
613,單純原被告各一
614,單純原被告各一
615,單純原被告各一
616,單純原被告各一
617,單純原被告各一
618,單純原被告各一+§188僱用人案型
619,單純原被告各一+§188僱用人案型
620,單純原被告各一+§188僱用人案型
621,單純原被告各一
622,數名原告
623,單純原被告各一
624,單純原被告各一
625,單純原被告各一
626,單純原被告各一
627,數名原告+§188僱用人案型
628,單純原被告各一
629,數名被告
630,單純原被告各一
631,單純原被告各一
632,單純原被告各一
633,數名原告
634,單純原被告各一
635,單純原被告各一
636,單純原被告各一
637,單純原被告各一
638,單純原被告各一
639,單純原被告各一
640,數名被告+§188僱用人案型
641,單純原被告各一+§188僱用人案型
642,數名原告
643,數名原告+§188僱用人案型
644,數名被告
645,單純原被告各一+§188僱用人案型
646,單純原被告各一
647,單純原被告各一
648,單純原被告各一
649,單純原被告各一
650,單純原被告各一
651,單純原被告各一
652,單純原被告各一
653,單純原被告各一
654,單純原被告各一
655,單純原被告各一
656,單純原被告各一
657,單純原被告各一
658,單純原被告各一
659,單純原被告各一
660,單純原被告各一
661,單純原被告各一
662,單純原被告各一
663,單純原被告各一
664,單純原被告各一
665,單純原被告各一+§188僱用人案型
666,單純原被告各一
667,數名原告
668,單純原被告各一
669,單純原被告各一
670,單純原被告各一
671,單純原被告各一
672,單純原被告各一
673,單純原被告各一
674,單純原被告各一
675,單純原被告各一
676,單純原被告各一
677,單純原被告各一
678,單純原被告各一
679,單純原被告各一
680,單純原被告各一
681,單純原被告各一
682,單純原被告各一
683,單純原被告各一
684,單純原被告各一
685,單純原被告各一
686,單純原被告各一
687,單純原被告各一
688,數名原告
689,單純原被告各一
690,單純原被告各一
691,單純原被告各一
692,單純原被告各一
693,單純原被告各一
694,單純原被告各一
695,單純原被告各一
696,單純原被告各一
697,單純原被告各一
698,單純原被告各一
699,單純原被告各一
700,單純原被告各一
701,單純原被告各一+§188僱用人案型
702,單純原被告各一
703,單純原被告各一
704,單純原被告各一
705,單純原被告各一
706,單純原被告各一
707,單純原被告各一
708,單純原被告各一
709,數名原告
710,單純原被告各一
711,單純原被告各一
712,數名原告
713,單純原被告各一
714,單純原被告各一
715,單純原被告各一
716,單純原被告各一
717,單純原被告各一
718,單純原被告各一
719,單純原被告各一
720,單純原被告各一
721,單純原被告各一
722,單純原被告各一
723,數名被告+§188僱用人案型
724,單純原被告各一
725,單純原被告各一
726,單純原被告各一
727,原被告皆數名
728,單純原被告各一
729,單純原被告各一+§188僱用人案型
730,單純原被告各一+§188僱用人案型
731,單純原被告各一
732,單純原被告各一
733,單純原被告各一
734,單純原被告各一
735,單純原被告各一
736,單純原被告各一
737,數名原告
738,單純原被告各一
739,單純原被告各一
740,單純原被告各一
741,原被告皆數名
742,單純原被告各一+§188僱用人案型
743,單純原被告各一
744,單純原被告各一
745,單純原被告各一
746,單純原被告各一
747,單純原被告各一
748,單純原被告各一
749,數名原告
750,單純原被告各一
751,單純原被告各一
752,單純原被告各一
753,單純原被告各一
754,單純原被告各一
755,單純原被告各一
756,數名被告+§190動物案型
757,單純原被告各一
758,單純原被告各一
759,數名原告
760,單純原被告各一
761,單純原被告各一
762,單純原被告各一
763,單純原被告各一
764,單純原被告各一
765,單純原被告各一
766,單純原被告各一
767,單純原被告各一
768,單純原被告各一
769,數名原告
770,單純原被告各一
771,數名被告+§187未成年案型
772,單純原被告各一
773,單純原被告各一
774,單純原被告各一
775,單純原被告各一
776,單純原被告各一
777,單純原被告各一
778,單純原被告各一
779,單純原被告各一
780,單純原被告各一
781,單純原被告各一
782,單純原被告各一
783,單純原被告各一
784,單純原被告各一
785,單純原被告各一
786,單純原被告各一
787,單純原被告各一+§188僱用人案型
788,單純原被告各一
789,單純原被告各一
790,單純原被告各一
791,單純原被告各一
792,單純原被告各一
793,單純原被告各一
794,單純原被告各一
795,單純原被告各一
796,單純原被告各一
797,單純原被告各一
798,單純原被告各一
799,單純原被告各一
800,單純原被告各一+§188僱用人案型
801,單純原被告各一
802,單純原被告各一
803,數名原告
804,單純原被告各一
805,單純原被告各一
806,數名原告
807,單純原被告各一
808,單純原被告各一
809,單純原被告各一
810,數名被告
811,數名被告
812,單純原被告各一
813,單純原被告各一
814,數名被告
815,單純原被告各一
816,數名原告
817,單純原被告各一
818,單純原被告各一
819,單純原被告各一
820,單純原被告各一+§188僱用人案型
821,單純原被告各一+§188僱用人案型
822,單純原被告各一
823,數名原告
824,單純原被告各一
825,單純原被告各一
826,單純原被告各一
827,單純原被告各一
828,單純原被告各一
829,單純原被告各一+§188僱用人案型
830,單純原被告各一
831,單純原被告各一
832,單純原被告各一+§188僱用人案型
833,單純原被告各一
834,單純原被告各一
835,單純原被告各一
836,單純原被告各一
837,單純原被告各一
838,單純原被告各一
839,數名原告
840,單純原被告各一
841,數名原告+§188僱用人案型
842,數名原告
843,數名被告+§188僱用人案型
844,單純原被告各一+§188僱用人案型
845,單純原被告各一
846,數名原告
847,數名被告
848,單純原被告各一
849,單純原被告各一
850,單純原被告各一
851,數名原告+§188僱用人案型
852,單純原被告各一
853,單純原被告各一
854,單純原被告各一+§188僱用人案型
855,數名原告+§188僱用人案型
856,單純原被告各一+§188僱用人案型
857,單純原被告各一
858,單純原被告各一
859,單純原被告各一+§188僱用人案型
860,單純原被告各一
861,單純原被告各一+§188僱用人案型
862,單純原被告各一
863,單純原被告各一
864,單純原被告各一
865,單純原被告各一
866,數名被告+§188僱用人案型
867,單純原被告各一
868,單純原被告各一
869,單純原被告各一+§188僱用人案型
870,單純原被告各一+§188僱用人案型
871,單純原被告各一
872,單純原被告各一
873,單純原被告各一
874,單純原被告各一
875,單純原被告各一
876,單純原被告各一
877,單純原被告各一+§188僱用人案型
878,單純原被告各一
879,單純原被告各一
880,單純原被告各一
881,單純原被告各一
882,單純原被告各一
883,單純原被告各一
884,單純原被告各一
885,單純原被告各一+§188僱用人案型
886,單純原被告各一
887,數名原告
888,數名原告
889,單純原被告各一
890,單純原被告各一
891,單純原被告各一
892,單純原被告各一
893,單純原被告各一
894,單純原被告各一
895,單純原被告各一
896,單純原被告各一
897,單純原被告各一
898,單純原被告各一
899,單純原被告各一
900,原被告皆數名
901,單純原被告各一
902,單純原被告各一
903,單純原被告各一
904,單純原被告各一
905,數名被告
906,單純原被告各一
907,單純原被告各一
908,單純原被告各一+§188僱用人案型
909,單純原被告各一
910,單純原被告各一
911,單純原被告各一
912,單純原被告各一+§188僱用人案型
913,單純原被告各一
914,單純原被告各一
915,單純原被告各一
916,單純原被告各一
917,單純原被告各一
918,單純原被告各一
919,單純原被告各一
920,單純原被告各一
921,單純原被告各一
922,單純原被告各一
923,單純原被告各一
924,單純原被告各一
925,單純原被告各一
926,單純原被告各一
927,單純原被告各一
928,數名原告
929,單純原被告各一
930,數名被告
931,單純原被告各一+§188僱用人案型
932,單純原被告各一
933,單純原被告各一+§188僱用人案型
934,單純原被告各一
935,單純原被告各一
936,單純原被告各一
937,單純原被告各一+§188僱用人案型
938,單純原被告各一
939,單純原被告各一
940,單純原被告各一
941,單純原被告各一
942,單純原被告各一
943,單純原被告各一
944,單純原被告各一
945,單純原被告各一
946,單純原被告各一
947,單純原被告各一
948,單純原被告各一+§188僱用人案型
949,單純原被告各一
950,單純原被告各一
951,單純原被告各一
952,單純原被告各一
953,單純原被告各一
954,單純原被告各一
955,單純原被告各一
956,單純原被告各一
957,單純原被告各一
958,單純原被告各一
959,單純原被告各一
960,單純原被告各一
961,單純原被告各一
962,單純原被告各一
963,單純原被告各一
964,單純原被告各一
965,單純原被告各一
966,單純原被告各一
967,單純原被告各一
968,單純原被告各一
969,單純原被告各一
970,單純原被告各一+§188僱用人案型
971,單純原被告各一
972,單純原被告各一
973,單純原被告各一
974,單純原被告各一
975,單純原被告各一
976,單純原被告各一
977,單純原被告各一
978,單純原被告各一
979,單純原被告各一
980,單純原被告各一
981,單純原被告各一
982,單純原被告各一
983,單純原被告各一
984,單純原被告各一+§188僱用人案型
985,單純原被告各一
986,單純原被告各一
987,單純原被告各一
988,單純原被告各一
989,單純原被告各一
990,單純原被告各一
991,單純原被告各一
992,單純原被告各一
993,單純原被告各一
994,數名原告+§188僱用人案型
995,單純原被告各一
996,單純原被告各一
997,單純原被告各一
998,單純原被告各一
999,單純原被告各一
1000,單純原被告各一
1001,單純原被告各一
1002,單純原被告各一
1003,單純原被告各一
1004,單純原被告各一
1005,單純原被告各一
1006,單純原被告各一
1007,單純原被告各一
1008,單純原被告各一
1009,單純原被告各一
1010,單純原被告各一
1011,單純原被告各一
1012,單純原被告各一
1013,單純原被告各一
1014,單純原被告各一
1015,單純原被告各一
1016,單純原被告各一
1017,單純原被告各一
1018,單純原被告各一
1019,單純原被告各一
1020,單純原被告各一+§188僱用人案型
1021,單純原被告各一
1022,單純原被告各一
1023,單純原被告各一
1024,單純原被告各一
1025,單純原被告各一
1026,單純原被告各一
1027,單純原被告各一
1028,單純原被告各一
1029,單純原被告各一
1030,單純原被告各一
1031,數名原告+§188僱用人案型
1032,單純原被告各一
1033,單純原被告各一
1034,單純原被告各一
1035,數名被告+§188僱用人案型
1036,單純原被告各一
1037,單純原被告各一
1038,單純原被告各一
1039,單純原被告各一
1040,單純原被告各一
1041,單純原被告各一
1042,單純原被告各一
1043,單純原被告各一
1044,單純原被告各一
1045,單純原被告各一
1046,單純原被告各一
1047,單純原被告各一
1048,單純原被告各一
1049,數名原告
1050,單純原被告各一
1051,單純原被告各一
1052,單純原被告各一
1053,單純原被告各一
1054,原被告皆數名+§188僱用人案型
1055,單純原被告各一+§188僱用人案型
1056,單純原被告各一
1057,單純原被告各一
1058,單純原被告各一
1059,單純原被告各一
1060,數名原告
1061,單純原被告各一
1062,單純原被告各一
1063,單純原被告各一
1064,單純原被告各一
1065,單純原被告各一
1066,單純原被告各一
1067,單純原被告各一
1068,單純原被告各一
1069,單純原被告各一
1070,數名原告
1071,單純原被告各一
1072,數名被告+§188僱用人案型
1073,單純原被告各一
1074,單純原被告各一
1075,單純原被告各一
1076,單純原被告各一
1077,單純原被告各一
1078,單純原被告各一+§188僱用人案型
1079,單純原被告各一
1080,單純原被告各一
1081,單純原被告各一
1082,數名被告+§188僱用人案型
1083,單純原被告各一
1084,單純原被告各一+§188僱用人案型
1085,數名被告+§188僱用人案型
1086,單純原被告各一
1087,單純原被告各一
1088,單純原被告各一
1089,單純原被告各一
1090,單純原被告各一
1091,單純原被告各一
1092,單純原被告各一
1093,單純原被告各一
1094,數名被告+§188僱用人案型
1095,單純原被告各一
1096,數名被告
1097,單純原被告各一
1098,數名被告+§188僱用人案型
1099,單純原被告各一+§188僱用人案型
1100,單純原被告各一
1101,單純原被告各一
1102,單純原被告各一
1103,數名被告
1104,數名被告+§188僱用人案型
1105,數名原告
1106,數名原告
1107,單純原被告各一
1108,單純原被告各一
1109,單純原被告各一
1110,單純原被告各一
1111,單純原被告各一
1112,單純原被告各一
1113,單純原被告各一
1114,單純原被告各一
1115,單純原被告各一
1116,單純原被告各一
1117,單純原被告各一
1118,原被告皆數名+§188僱用人案型
1119,單純原被告各一
1120,單純原被告各一
1121,單純原被告各一
1122,單純原被告各一
1123,單純原被告各一
1124,單純原被告各一
1125,單純原被告各一
1126,單純原被告各一
1127,單純原被告各一
1128,單純原被告各一
1129,單純原被告各一
1130,單純原被告各一
1131,單純原被告各一
1132,單純原被告各一
1133,單純原被告各一
1134,單純原被告各一
1135,單純原被告各一
1136,單純原被告各一
1137,單純原被告各一
1138,單純原被告各一
1139,單純原被告各一
1140,單純原被告各一
1141,單純原被告各一
1142,單純原被告各一
1143,單純原被告各一
1144,單純原被告各一
1145,單純原被告各一
1146,單純原被告各一
1147,單純原被告各一
1148,數名被告+§188僱用人案型
1149,單純原被告各一
1150,單純原被告各一
1151,單純原被告各一
1152,單純原被告各一
1153,單純原被告各一
1154,單純原被告各一
1155,單純原被告各一
1156,單純原被告各一
1157,單純原被告各一
1158,單純原被告各一
1159,單純原被告各一
1160,單純原被告各一
1161,單純原被告各一
1162,單純原被告各一
1163,數名原告
1164,單純原被告各一
1165,單純原被告各一
1166,單純原被告各一
1167,單純原被告各一
1168,單純原被告各一+§188僱用人案型
1169,單純原被告各一
1170,原被告皆數名+§188僱用人案型
1171,單純原被告各一+§187未成年案型
1172,單純原被告各一
1173,單純原被告各一
1174,單純原被告各一
1175,單純原被告各一
1176,單純原被告各一
1177,單純原被告各一
1178,單純原被告各一
1179,單純原被告各一
1180,數名原告
1181,單純原被告各一
1182,單純原被告各一
1183,單純原被告各一
1184,單純原被告各一
1185,單純原被告各一
1186,單純原被告各一+§188僱用人案型
1187,單純原被告各一
1188,單純原被告各一
1189,單純原被告各一
1190,單純原被告各一
1191,單純原被告各一
1192,單純原被告各一
1193,單純原被告各一
1194,單純原被告各一
1195,原被告皆數名
1196,單純原被告各一
1197,單純原被告各一
1198,單純原被告各一
1199,單純原被告各一
1200,單純原被告各一
1201,數名被告+§188僱用人案型
1202,單純原被告各一
1203,單純原被告各一
1204,單純原被告各一
1205,單純原被告各一
1206,單純原被告各一
1207,單純原被告各一+§188僱用人案型
1208,單純原被告各一
1209,單純原被告各一
1210,數名原告+§188僱用人案型
1211,單純原被告各一
1212,數名原告
1213,單純原被告各一
1214,單純原被告各一
1215,數名被告+§188僱用人案型
1216,單純原被告各一
1217,單純原被告各一
1218,單純原被告各一
1219,單純原被告各一
1220,單純原被告各一
1221,單純原被告各一
1222,單純原被告各一
1223,單純原被告各一
1224,單純原被告各一
1225,單純原被告各一
1226,單純原被告各一
1227,單純原被告各一
1228,單純原被告各一
1229,單純原被告各一
1230,單純原被告各一
1231,數名被告+§188僱用人案型
1232,單純原被告各一
1233,單純原被告各一
1234,單純原被告各一
1235,單純原被告各一
1236,單純原被告各一
1237,數名被告
1238,單純原被告各一
1239,單純原被告各一
1240,單純原被告各一+§187未成年案型
1241,單純原被告各一
1242,數名原告
1243,單純原被告各一
1244,單純原被告各一
1245,單純原被告各一
1246,單純原被告各一+§188僱用人案型
1247,單純原被告各一
1248,單純原被告各一
1249,單純原被告各一
1250,單純原被告各一
1251,數名被告+§188僱用人案型
1252,單純原被告各一
1253,單純原被告各一
1254,數名原告
1255,數名原告
1256,單純原被告各一
1257,單純原被告各一
1258,單純原被告各一
1259,單純原被告各一
1260,單純原被告各一
1261,單純原被告各一
1262,單純原被告各一
1263,數名原告
1264,單純原被告各一
1265,單純原被告各一
1266,單純原被告各一
1267,單純原被告各一
1268,單純原被告各一
1269,單純原被告各一
1270,數名被告+§188僱用人案型
1271,單純原被告各一
1272,單純原被告各一
1273,單純原被告各一
1274,單純原被告各一
1275,單純原被告各一
1276,單純原被告各一
1277,單純原被告各一
1278,單純原被告各一
1279,單純原被告各一+§188僱用人案型
1280,單純原被告各一
1281,單純原被告各一
1282,單純原被告各一
1283,單純原被告各一
1284,單純原被告各一
1285,單純原被告各一
1286,單純原被告各一
1287,數名原告
1288,數名原告
1289,單純原被告各一
1290,單純原被告各一+§190動物案型
1291,單純原被告各一
1292,單純原被告各一
1293,單純原被告各一
1294,數名原告
1295,單純原被告各一
1296,數名被告+§188僱用人案型
1297,單純原被告各一
1298,單純原被告各一
1299,單純原被告各一
1300,單純原被告各一
1301,單純原被告各一
1302,單純原被告各一
1303,單純原被告各一
1304,單純原被告各一
1305,單純原被告各一
1306,單純原被告各一+§188僱用人案型
1307,單純原被告各一
1308,單純原被告各一
1309,單純原被告各一+§188僱用人案型
1310,單純原被告各一
1311,單純原被告各一+§188僱用人案型
1312,單純原被告各一
1313,數名被告
1314,單純原被告各一
1315,單純原被告各一
1316,單純原被告各一
1317,單純原被告各一
1318,單純原被告各一
1319,單純原被告各一
1320,單純原被告各一
1321,單純原被告各一
1322,單純原被告各一
1323,單純原被告各一
1324,單純原被告各一
1325,單純原被告各一
1326,單純原被告各一
1327,單純原被告各一
1328,單純原被告各一
1329,單純原被告各一
1330,數名原告
1331,單純原被告各一
1332,單純原被告各一
1333,單純原被告各一
1334,單純原被告各一
1335,單純原被告各一
1336,單純原被告各一
1337,單純原被告各一
1338,單純原被告各一
1339,單純原被告各一
1340,單純原被告各一
1341,單純原被告各一
1342,數名原告+§188僱用人案型
1343,單純原被告各一
1344,單純原被告各一
1345,單純原被告各一
1346,單純原被告各一
1347,單純原被告各一
1348,單純原被告各一
1349,單純原被告各一
1350,單純原被告各一
1351,數名原告
1352,單純原被告各一
1353,單純原被告各一
1354,單純原被告各一
1355,單純原被告各一
1356,單純原被告各一+§190動物案型
1357,單純原被告各一
1358,單純原被告各一
1359,單純原被告各一
1360,單純原被告各一
1361,單純原被告各一
1362,單純原被告各一
1363,單純原被告各一
1364,單純原被告各一
1365,單純原被告各一
1366,單純原被告各一
1367,單純原被告各一
1368,單純原被告各一
1369,數名被告
1370,單純原被告各一
1371,單純原被告各一
1372,單純原被告各一
1373,單純原被告各一
1374,單純原被告各一
1375,單純原被告各一
1376,數名原告
1377,單純原被告各一
1378,單純原被告各一
1379,單純原被告各一
1380,單純原被告各一
1381,數名原告
1382,單純原被告各一
1383,單純原被告各一
1384,單純原被告各一
1385,單純原被告各一
1386,單純原被告各一
1387,單純原被告各一
1388,單純原被告各一+§188僱用人案型
1389,單純原被告各一
1390,單純原被告各一+§190動物案型
1391,單純原被告各一
1392,單純原被告各一
1393,單純原被告各一
1394,單純原被告各一
1395,單純原被告各一
1396,單純原被告各一
1397,單純原被告各一
1398,數名原告
1399,單純原被告各一
1400,單純原被告各一
1401,單純原被告各一
1402,單純原被告各一
1403,單純原被告各一
1404,單純原被告各一
1405,單純原被告各一
1406,單純原被告各一
1407,數名原告
1408,單純原被告各一
1409,單純原被告各一
1410,單純原被告各一
1411,單純原被告各一
1412,單純原被告各一
1413,單純原被告各一
1414,單純原被告各一
1415,單純原被告各一
1416,單純原被告各一
1417,單純原被告各一
1418,單純原被告各一
1419,單純原被告各一
1420,單純原被告各一
1421,單純原被告各一
1422,單純原被告各一
1423,單純原被告各一
1424,單純原被告各一
1425,單純原被告各一
1426,數名原告
1427,單純原被告各一
1428,單純原被告各一
1429,單純原被告各一
1430,單純原被告各一
1431,單純原被告各一
1432,單純原被告各一
1433,數名原告
1434,單純原被告各一
1435,單純原被告各一
1436,單純原被告各一
1437,單純原被告各一
1438,單純原被告各一
1439,數名原告
1440,單純原被告各一
1441,單純原被告各一
1442,數名原告
1443,單純原被告各一
1444,單純原被告各一
1445,單純原被告各一
1446,單純原被告各一
1447,單純原被告各一
1448,單純原被告各一
1449,單純原被告各一
1450,單純原被告各一
1451,單純原被告各一
1452,單純原被告各一
1453,單純原被告各一
1454,單純原被告各一
1455,單純原被告各一
1456,數名原告
1457,單純原被告各一
1458,數名原告
1459,單純原被告各一
1460,單純原被告各一
1461,單純原被告各一
1462,數名原告
1463,單純原被告各一
1464,單純原被告各一+§188僱用人案型
1465,單純原被告各一+§188僱用人案型
1466,單純原被告各一
1467,單純原被告各一
1468,單純原被告各一
1469,單純原被告各一
1470,單純原被告各一
1471,單純原被告各一
1472,單純原被告各一
1473,單純原被告各一
1474,單純原被告各一
1475,單純原被告各一
1476,單純原被告各一
1477,單純原被告各一
1478,單純原被告各一
1479,單純原被告各一
1480,單純原被告各一
1481,單純原被告各一
1482,數名原告
1483,單純原被告各一
1484,單純原被告各一
1485,單純原被告各一
1486,單純原被告各一
1487,單純原被告各一
1488,單純原被告各一
1489,單純原被告各一
1490,單純原被告各一
1491,單純原被告各一
1492,單純原被告各一
1493,單純原被告各一
1494,單純原被告各一+§188僱用人案型
1495,數名被告+§188僱用人案型
1496,單純原被告各一
1497,單純原被告各一
1498,單純原被告各一
1499,單純原被告各一
1500,數名被告+§187未成年案型
1501,單純原被告各一
1502,數名原告
1503,單純原被告各一
1504,數名被告
1505,單純原被告各一
1506,單純原被告各一
1507,單純原被告各一
1508,單純原被告各一
1509,單純原被告各一
1510,單純原被告各一
1511,單純原被告各一
1512,單純原被告各一
1513,單純原被告各一
1514,單純原被告各一
1515,數名被告+§188僱用人案型
1516,單純原被告各一
1517,數名原告
1518,數名原告+§190動物案型
1519,單純原被告各一
1520,單純原被告各一
1521,單純原被告各一
1522,單純原被告各一
1523,單純原被告各一
1524,單純原被告各一
1525,單純原被告各一
1526,單純原被告各一
1527,單純原被告各一
1528,單純原被告各一
1529,數名原告
1530,數名被告+§188僱用人案型
1531,單純原被告各一
1532,單純原被告各一
1533,單純原被告各一
1534,單純原被告各一
1535,單純原被告各一
1536,單純原被告各一
1537,單純原被告各一
1538,單純原被告各一
1539,單純原被告各一
1540,單純原被告各一
1541,單純原被告各一
1542,單純原被告各一
1543,單純原被告各一
1544,單純原被告各一
1545,單純原被告各一
1546,單純原被告各一
1547,數名原告
1548,單純原被告各一
1549,單純原被告各一
1550,數名原告
1551,單純原被告各一
1552,單純原被告各一
1553,單純原被告各一
1554,單純原被告各一
1555,單純原被告各一
1556,單純原被告各一
1557,單純原被告各一
1558,單純原被告各一
1559,單純原被告各一
1560,單純原被告各一
1561,單純原被告各一
1562,單純原被告各一
1563,數名原告
1564,單純原被告各一
1565,單純原被告各一
1566,單純原被告各一
1567,單純原被告各一+§188僱用人案型
1568,單純原被告各一
1569,單純原被告各一
1570,單純原被告各一
1571,原被告皆數名+§187未成年案型
1572,單純原被告各一
1573,單純原被告各一
1574,單純原被告各一
1575,數名原告
1576,單純原被告各一
1577,單純原被告各一
1578,單純原被告各一
1579,單純原被告各一
1580,單純原被告各一
1581,單純原被告各一
1582,單純原被告各一
1583,數名原告
1584,數名被告
1585,單純原被告各一
1586,單純原被告各一
1587,單純原被告各一
1588,單純原被告各一
1589,單純原被告各一
1590,單純原被告各一
1591,單純原被告各一
1592,單純原被告各一
1593,單純原被告各一
1594,單純原被告各一
1595,單純原被告各一
1596,單純原被告各一
1597,單純原被告各一
1598,數名原告
1599,單純原被告各一
1600,單純原被告各一
1601,單純原被告各一
1602,單純原被告各一
1603,單純原被告各一
1604,數名原告
1605,單純原被告各一
1606,單純原被告各一
1607,單純原被告各一
1608,單純原被告各一+§188僱用人案型
1609,單純原被告各一
1610,單純原被告各一
1611,單純原被告各一
1612,單純原被告各一
1613,單純原被告各一
1614,數名被告
1615,單純原被告各一
1616,單純原被告各一
1617,單純原被告各一
1618,單純原被告各一
1619,數名被告
1620,單純原被告各一
1621,單純原被告各一
1622,單純原被告各一
1623,數名原告
1624,單純原被告各一
1625,單純原被告各一
1626,單純原被告各一
1627,單純原被告各一
1628,數名被告+§188僱用人案型
1629,單純原被告各一
1630,單純原被告各一
1631,單純原被告各一
1632,單純原被告各一
1633,單純原被告各一
1634,單純原被告各一
1635,單純原被告各一
1636,單純原被告各一
1637,單純原被告各一
1638,單純原被告各一
1639,單純原被告各一
1640,數名原告
1641,單純原被告各一
1642,單純原被告各一
1643,單純原被告各一
1644,單純原被告各一
1645,單純原被告各一
1646,單純原被告各一
1647,單純原被告各一
1648,單純原被告各一
1649,單純原被告各一
1650,單純原被告各一
1651,單純原被告各一
1652,單純原被告各一
1653,單純原被告各一
1654,單純原被告各一
1655,單純原被告各一
1656,單純原被告各一
1657,數名原告
1658,單純原被告各一
1659,單純原被告各一
1660,單純原被告各一
1661,單純原被告各一
1662,單純原被告各一
1663,單純原被告各一
1664,單純原被告各一
1665,單純原被告各一
1666,單純原被告各一
1667,單純原被告各一
1668,單純原被告各一+§188僱用人案型
1669,數名原告
1670,數名原告
1671,單純原被告各一
1672,單純原被告各一
1673,數名被告+§188僱用人案型
1674,單純原被告各一
1675,單純原被告各一
1676,單純原被告各一
1677,單純原被告各一
1678,單純原被告各一
1679,單純原被告各一
1680,單純原被告各一
1681,單純原被告各一
1682,數名被告+§188僱用人案型
1683,單純原被告各一
1684,單純原被告各一
1685,數名被告
1686,單純原被告各一
1687,單純原被告各一
1688,單純原被告各一
1689,數名原告
1690,單純原被告各一
1691,單純原被告各一
1692,單純原被告各一
1693,單純原被告各一
1694,單純原被告各一
1695,單純原被告各一
1696,單純原被告各一
1697,單純原被告各一
1698,單純原被告各一
1699,單純原被告各一
1700,單純原被告各一
1701,數名被告
1702,單純原被告各一
1703,單純原被告各一
1704,單純原被告各一
1705,單純原被告各一+§188僱用人案型
1706,單純原被告各一
1707,單純原被告各一
1708,單純原被告各一
1709,單純原被告各一
1710,單純原被告各一
1711,單純原被告各一
1712,單純原被告各一
1713,單純原被告各一
1714,單純原被告各一
1715,單純原被告各一
1716,單純原被告各一
1717,數名原告
1718,單純原被告各一
1719,單純原被告各一
1720,單純原被告各一+§188僱用人案型
1721,單純原被告各一
1722,單純原被告各一
1723,單純原被告各一
1724,單純原被告各一
1725,單純原被告各一
1726,單純原被告各一
1727,單純原被告各一
1728,單純原被告各一
1729,數名被告
1730,單純原被告各一
1731,單純原被告各一
1732,數名被告+§188僱用人案型
1733,單純原被告各一
1734,單純原被告各一
1735,單純原被告各一
1736,單純原被告各一
1737,單純原被告各一
1738,單純原被告各一
1739,單純原被告各一
1740,單純原被告各一
1741,單純原被告各一
1742,單純原被告各一
1743,單純原被告各一
1744,單純原被告各一
1745,單純原被告各一
1746,單純原被告各一
1747,單純原被告各一
1748,單純原被告各一
1749,單純原被告各一
1750,單純原被告各一
1751,單純原被告各一
1752,單純原被告各一
1753,單純原被告各一
1754,單純原被告各一
1755,數名被告
1756,單純原被告各一
1757,單純原被告各一
1758,單純原被告各一+§190動物案型
1759,單純原被告各一
1760,單純原被告各一
1761,單純原被告各一
1762,單純原被告各一
1763,單純原被告各一
1764,單純原被告各一
1765,單純原被告各一
1766,單純原被告各一
1767,單純原被告各一
1768,數名原告
1769,單純原被告各一
1770,單純原被告各一
1771,單純原被告各一
1772,單純原被告各一
1773,單純原被告各一
1774,單純原被告各一
1775,單純原被告各一
1776,單純原被告各一
1777,單純原被告各一+§188僱用人案型
1778,單純原被告各一
1779,單純原被告各一
1780,單純原被告各一
1781,數名原告
1782,單純原被告各一
1783,單純原被告各一
1784,單純原被告各一
1785,單純原被告各一
1786,數名被告+§188僱用人案型
1787,單純原被告各一
1788,單純原被告各一
1789,數名被告+§188僱用人案型
1790,單純原被告各一
1791,數名原告
1792,單純原被告各一
1793,單純原被告各一
1794,單純原被告各一
1795,單純原被告各一
1796,單純原被告各一
1797,單純原被告各一
1798,單純原被告各一
1799,單純原被告各一
1800,單純原被告各一+§188僱用人案型
1801,單純原被告各一
1802,單純原被告各一
1803,單純原被告各一+§188僱用人案型
1804,數名原告
1805,單純原被告各一
1806,單純原被告各一
1807,數名原告
1808,單純原被告各一
1809,數名被告
1810,單純原被告各一
1811,單純原被告各一
1812,單純原被告各一
1813,單純原被告各一
1814,數名原告
1815,單純原被告各一
1816,數名被告+§188僱用人案型
1817,單純原被告各一
1818,單純原被告各一+§188僱用人案型
1819,單純原被告各一
1820,單純原被告各一
1821,單純原被告各一
1822,單純原被告各一
1823,單純原被告各一
1824,單純原被告各一
1825,單純原被告各一
1826,單純原被告各一
1827,數名原告
1828,單純原被告各一
1829,單純原被告各一
1830,單純原被告各一
1831,單純原被告各一
1832,單純原被告各一
1833,單純原被告各一
1834,單純原被告各一
1835,單純原被告各一
1836,單純原被告各一
1837,單純原被告各一
1838,單純原被告各一
1839,單純原被告各一
1840,單純原被告各一
1841,單純原被告各一
1842,單純原被告各一
1843,單純原被告各一
1844,單純原被告各一
1845,單純原被告各一
1846,數名原告
1847,單純原被告各一
1848,單純原被告各一
1849,單純原被告各一
1850,單純原被告各一
1851,數名原告
1852,單純原被告各一
1853,單純原被告各一
1854,單純原被告各一+§188僱用人案型
1855,單純原被告各一
1856,單純原被告各一+§188僱用人案型
1857,單純原被告各一
1858,單純原被告各一
1859,單純原被告各一
1860,原被告皆數名+§188僱用人案型
1861,單純原被告各一
1862,單純原被告各一
1863,單純原被告各一
1864,單純原被告各一
1865,單純原被告各一
1866,單純原被告各一
1867,單純原被告各一
1868,單純原被告各一
1869,數名原告+§188僱用人案型
1870,單純原被告各一
1871,數名原告
1872,單純原被告各一
1873,數名原告
1874,單純原被告各一
1875,單純原被告各一
1876,單純原被告各一
1877,單純原被告各一
1878,單純原被告各一
1879,單純原被告各一
1880,單純原被告各一
1881,單純原被告各一
1882,單純原被告各一
1883,單純原被告各一
1884,單純原被告各一
1885,單純原被告各一
1886,單純原被告各一
1887,原被告皆數名+§188僱用人案型
1888,單純原被告各一
1889,單純原被告各一
1890,數名被告+§188僱用人案型
1891,數名被告+§188僱用人案型
1892,單純原被告各一
1893,單純原被告各一
1894,單純原被告各一
1895,單純原被告各一+§188僱用人案型
1896,單純原被告各一
1897,單純原被告各一
1898,單純原被告各一
1899,單純原被告各一
1900,數名被告+§188僱用人案型
1901,單純原被告各一
1902,單純原被告各一
1903,單純原被告各一
1904,單純原被告各一
1905,單純原被告各一
1906,單純原被告各一
1907,單純原被告各一
1908,單純原被告各一
1909,單純原被告各一+§188僱用人案型
1910,數名被告
1911,單純原被告各一
1912,單純原被告各一
1913,單純原被告各一
1914,單純原被告各一
1915,單純原被告各一
1916,數名被告+§188僱用人案型
1917,單純原被告各一
1918,單純原被告各一
1919,數名被告
1920,數名原告
1921,單純原被告各一
1922,單純原被告各一
1923,單純原被告各一
1924,單純原被告各一
1925,數名原告
1926,單純原被告各一
1927,單純原被告各一
1928,單純原被告各一
1929,單純原被告各一
1930,單純原被告各一
1931,單純原被告各一
1932,單純原被告各一
1933,數名原告
1934,單純原被告各一
1935,單純原被告各一
1936,單純原被告各一
1937,單純原被告各一
1938,單純原被告各一
1939,單純原被告各一
1940,單純原被告各一
1941,單純原被告各一
1942,單純原被告各一
1943,單純原被告各一
1944,單純原被告各一
1945,單純原被告各一
1946,單純原被告各一
1947,單純原被告各一
1948,數名被告
1949,單純原被告各一
1950,單純原被告各一
1951,數名被告
1952,單純原被告各一
1953,單純原被告各一+§188僱用人案型
1954,數名被告
1955,單純原被告各一
1956,單純原被告各一
1957,單純原被告各一
1958,單純原被告各一
1959,單純原被告各一
1960,單純原被告各一
1961,數名原告+§187未成年案型
1962,單純原被告各一
1963,單純原被告各一
1964,單純原被告各一
1965,單純原被告各一
1966,單純原被告各一
1967,單純原被告各一+§187未成年案型
1968,單純原被告各一
1969,單純原被告各一
1970,單純原被告各一
1971,單純原被告各一
1972,單純原被告各一
1973,數名原告
1974,單純原被告各一
1975,單純原被告各一
1976,單純原被告各一
1977,單純原被告各一
1978,數名被告
1979,單純原被告各一
1980,單純原被告各一
1981,單純原被告各一
1982,單純原被告各一
1983,單純原被告各一
1984,單純原被告各一
1985,單純原被告各一
1986,單純原被告各一
1987,單純原被告各一
1988,單純原被告各一
1989,單純原被告各一
1990,單純原被告各一
1991,單純原被告各一
1992,單純原被告各一
1993,單純原被告各一
1994,單純原被告各一
1995,單純原被告各一
1996,單純原被告各一+§188僱用人案型
1997,單純原被告各一
1998,單純原被告各一
1999,單純原被告各一
2000,單純原被告各一
2001,數名被告
2002,單純原被告各一+§188僱用人案型
2003,單純原被告各一
2004,數名原告
2005,數名被告
2006,單純原被告各一
2007,單純原被告各一
2008,數名被告+§188僱用人案型
2009,單純原被告各一
2010,單純原被告各一
2011,單純原被告各一+§188僱用人案型
2012,單純原被告各一
2013,單純原被告各一
2014,單純原被告各一
2015,單純原被告各一
2016,單純原被告各一
2017,數名被告+§188僱用人案型
2018,單純原被告各一
2019,單純原被告各一
2020,單純原被告各一
2021,單純原被告各一
2022,單純原被告各一+§188僱用人案型
2023,單純原被告各一
2024,單純原被告各一
2025,數名原告
2026,單純原被告各一
2027,數名被告+§188僱用人案型
2028,單純原被告各一
2029,單純原被告各一
2030,單純原被告各一
2031,單純原被告各一
2032,數名被告+§188僱用人案型
2033,單純原被告各一
2034,單純原被告各一
2035,數名原告
2036,單純原被告各一
2037,單純原被告各一
2038,單純原被告各一
2039,單純原被告各一+§188僱用人案型
2040,單純原被告各一
2041,單純原被告各一+§188僱用人案型
2042,單純原被告各一
2043,單純原被告各一
2044,數名原告
2045,單純原被告各一+§190動物案型
2046,單純原被告各一+§188僱用人案型
2047,單純原被告各一
2048,單純原被告各一
2049,單純原被告各一
2050,單純原被告各一
2051,單純原被告各一
2052,單純原被告各一+§188僱用人案型
2053,單純原被告各一
2054,單純原被告各一
2055,單純原被告各一
2056,單純原被告各一
2057,單純原被告各一
2058,單純原被告各一
2059,單純原被告各一
2060,數名原告
2061,單純原被告各一
2062,單純原被告各一
2063,單純原被告各一
2064,單純原被告各一
2065,單純原被告各一
2066,單純原被告各一
2067,單純原被告各一
2068,單純原被告各一
2069,單純原被告各一
2070,單純原被告各一
2071,單純原被告各一
2072,單純原被告各一
2073,數名原告
2074,單純原被告各一
2075,單純原被告各一
2076,單純原被告各一
2077,單純原被告各一
2078,單純原被告各一+§188僱用人案型
2079,單純原被告各一
2080,單純原被告各一
2081,單純原被告各一
2082,單純原被告各一
2083,單純原被告各一
2084,單純原被告各一+§190動物案型
2085,單純原被告各一
2086,單純原被告各一
2087,單純原被告各一
2088,單純原被告各一
2089,單純原被告各一
2090,單純原被告各一
2091,單純原被告各一
2092,單純原被告各一
2093,數名被告+§187未成年案型
2094,單純原被告各一
2095,單純原被告各一
2096,單純原被告各一
2097,數名被告
2098,單純原被告各一
2099,單純原被告各一
2100,數名原告
2101,單純原被告各一
2102,數名被告+§187未成年案型
2103,單純原被告各一
2104,數名原告
2105,數名原告+§190動物案型
2106,單純原被告各一
2107,數名原告
2108,單純原被告各一
2109,數名原告
2110,數名被告
2111,單純原被告各一
2112,單純原被告各一
2113,單純原被告各一
2114,數名被告
2115,數名被告+§188僱用人案型
2116,單純原被告各一
2117,單純原被告各一
2118,單純原被告各一
2119,單純原被告各一
2120,單純原被告各一
2121,單純原被告各一
2122,單純原被告各一
2123,單純原被告各一
2124,數名被告
2125,單純原被告各一
2126,單純原被告各一
2127,單純原被告各一
2128,單純原被告各一
2129,單純原被告各一
2130,單純原被告各一
2131,數名被告+§188僱用人案型
2132,單純原被告各一
2133,單純原被告各一
2134,單純原被告各一+§188僱用人案型
2135,數名被告+§188僱用人案型
2136,單純原被告各一
2137,單純原被告各一
2138,單純原被告各一
2139,單純原被告各一
2140,單純原被告各一
2141,數名被告+§187未成年案型
2142,單純原被告各一
2143,單純原被告各一
2144,單純原被告各一+§188僱用人案型
2145,數名原告
2146,單純原被告各一
2147,單純原被告各一
2148,單純原被告各一
2149,數名被告+§188僱用人案型
2150,數名被告+§188僱用人案型
2151,單純原被告各一+§188僱用人案型
2152,數名原告
2153,單純原被告各一+§188僱用人案型
2154,單純原被告各一
2155,單純原被告各一+§188僱用人案型
2156,單純原被告各一
2157,單純原被告各一
2158,單純原被告各一+§190動物案型
2159,單純原被告各一
2160,單純原被告各一
2161,單純原被告各一
2162,單純原被告各一
2163,單純原被告各一
2164,數名原告
2165,單純原被告各一
2166,單純原被告各一
2167,單純原被告各一
2168,單純原被告各一
2169,單純原被告各一
2170,單純原被告各一
2171,單純原被告各一
2172,單純原被告各一
2173,單純原被告各一
2174,單純原被告各一
2175,單純原被告各一
2176,單純原被告各一+§188僱用人案型
2177,單純原被告各一
2178,單純原被告各一
2179,單純原被告各一+§188僱用人案型
2180,單純原被告各一
2181,單純原被告各一
2182,單純原被告各一
2183,單純原被告各一
2184,單純原被告各一
2185,單純原被告各一
2186,單純原被告各一
2187,單純原被告各一
2188,單純原被告各一
2189,單純原被告各一
2190,單純原被告各一
2191,單純原被告各一
2192,單純原被告各一
2193,單純原被告各一
2194,數名被告+§187未成年案型
2195,單純原被告各一
2196,數名原告
2197,單純原被告各一
2198,單純原被告各一
2199,單純原被告各一
2200,單純原被告各一
2201,單純原被告各一
2202,單純原被告各一
2203,單純原被告各一
2204,數名原告
2205,數名被告+§188僱用人案型
2206,單純原被告各一
2207,單純原被告各一
2208,單純原被告各一
2209,單純原被告各一
2210,單純原被告各一
2211,單純原被告各一
2212,數名被告+§188僱用人案型
2213,數名被告
2214,單純原被告各一
2215,單純原被告各一
2216,數名被告+§188僱用人案型
2217,單純原被告各一
2218,單純原被告各一
2219,單純原被告各一
2220,單純原被告各一
2221,單純原被告各一
2222,單純原被告各一
2223,單純原被告各一+§188僱用人案型
2224,數名被告+§188僱用人案型
2225,單純原被告各一
2226,單純原被告各一
2227,單純原被告各一
2228,單純原被告各一
2229,單純原被告各一
2230,數名被告+§188僱用人案型
2231,單純原被告各一
2232,單純原被告各一
2233,數名原告
2234,單純原被告各一
2235,單純原被告各一
2236,單純原被告各一
2237,單純原被告各一
2238,單純原被告各一
2239,單純原被告各一
2240,單純原被告各一
2241,單純原被告各一
2242,單純原被告各一
2243,單純原被告各一
2244,單純原被告各一
2245,單純原被告各一
2246,單純原被告各一
2247,單純原被告各一
2248,單純原被告各一
2249,單純原被告各一
2250,單純原被告各一
2251,單純原被告各一
2252,原被告皆數名
2253,單純原被告各一
2254,單純原被告各一
2255,單純原被告各一
2256,單純原被告各一
2257,數名被告+§188僱用人案型
2258,單純原被告各一
2259,單純原被告各一
2260,數名被告
2261,單純原被告各一
2262,單純原被告各一
2263,單純原被告各一
2264,單純原被告各一
2265,單純原被告各一
2266,單純原被告各一
2267,數名被告
2268,單純原被告各一
2269,原被告皆數名
2270,單純原被告各一+§188僱用人案型
2271,數名原告
2272,單純原被告各一
2273,單純原被告各一
2274,數名被告
2275,單純原被告各一
2276,單純原被告各一
2277,單純原被告各一
2278,單純原被告各一
2279,單純原被告各一+§188僱用人案型
2280,單純原被告各一
2281,數名原告
2282,單純原被告各一
2283,單純原被告各一
2284,單純原被告各一
2285,單純原被告各一+§188僱用人案型
2286,單純原被告各一
2287,單純原被告各一
2288,單純原被告各一
2289,單純原被告各一
2290,單純原被告各一
2291,單純原被告各一
2292,數名原告
2293,單純原被告各一
2294,單純原被告各一+§188僱用人案型
2295,單純原被告各一
2296,單純原被告各一
2297,數名被告+§188僱用人案型
2298,單純原被告各一
2299,單純原被告各一
2300,單純原被告各一
2301,單純原被告各一+§188僱用人案型
2302,單純原被告各一
2303,數名原告
2304,單純原被告各一
2305,單純原被告各一
2306,數名被告+§188僱用人案型
2307,單純原被告各一
2308,單純原被告各一
2309,數名被告+§188僱用人案型
2310,單純原被告各一+§190動物案型
2311,單純原被告各一
2312,單純原被告各一
2313,單純原被告各一
2314,單純原被告各一
2315,單純原被告各一
2316,單純原被告各一
2317,單純原被告各一
2318,單純原被告各一
2319,數名被告
2320,數名被告+§187未成年案型
2321,單純原被告各一
2322,單純原被告各一
2323,單純原被告各一
2324,單純原被告各一
2325,單純原被告各一
2326,單純原被告各一
2327,數名被告
2328,單純原被告各一
2329,單純原被告各一
2330,單純原被告各一
2331,數名被告+§187未成年案型
2332,數名原告
2333,單純原被告各一
2334,數名原告
2335,單純原被告各一
2336,單純原被告各一
2337,數名原告
2338,原被告皆數名+§188僱用人案型
2339,單純原被告各一
2340,單純原被告各一
2341,數名原告
2342,單純原被告各一
2343,單純原被告各一
2344,單純原被告各一
2345,單純原被告各一
2346,單純原被告各一
2347,單純原被告各一
2348,單純原被告各一
2349,單純原被告各一
2350,單純原被告各一
2351,單純原被告各一
2352,數名被告+§188僱用人案型
2353,數名原告
2354,單純原被告各一
2355,單純原被告各一
2356,單純原被告各一
2357,單純原被告各一
2358,數名被告
2359,單純原被告各一
2360,單純原被告各一+§188僱用人案型
2361,單純原被告各一
2362,數名被告+§188僱用人案型
2363,單純原被告各一
2364,單純原被告各一
2365,單純原被告各一
2366,單純原被告各一
2367,單純原被告各一
2368,單純原被告各一
2369,單純原被告各一
2370,單純原被告各一
2371,單純原被告各一
2372,單純原被告各一
2373,單純原被告各一
2374,單純原被告各一
2375,單純原被告各一
2376,單純原被告各一
2377,單純原被告各一
2378,單純原被告各一
2379,單純原被告各一
2380,單純原被告各一
2381,單純原被告各一
2382,單純原被告各一
2383,單純原被告各一
2384,單純原被告各一
2385,單純原被告各一
2386,單純原被告各一
2387,單純原被告各一
2388,單純原被告各一
2389,單純原被告各一
2390,單純原被告各一
2391,單純原被告各一+§188僱用人案型
2392,單純原被告各一
2393,單純原被告各一
2394,數名被告+§188僱用人案型
2395,數名原告
2396,單純原被告各一
2397,單純原被告各一+§188僱用人案型
2398,單純原被告各一
2399,單純原被告各一
2400,單純原被告各一
2401,單純原被告各一
2402,單純原被告各一+§188僱用人案型
2403,數名原告
2404,單純原被告各一
2405,單純原被告各一+§188僱用人案型
2406,單純原被告各一
2407,單純原被告各一
2408,原被告皆數名+§187未成年案型
2409,單純原被告各一
2410,數名原告
2411,單純原被告各一
2412,單純原被告各一
2413,單純原被告各一
2414,單純原被告各一
2415,單純原被告各一
2416,單純原被告各一
2417,單純原被告各一
2418,單純原被告各一
2419,單純原被告各一
2420,單純原被告各一
2421,數名被告+§187未成年案型
2422,單純原被告各一
2423,單純原被告各一
2424,單純原被告各一
2425,單純原被告各一
2426,數名原告
2427,單純原被告各一
2428,單純原被告各一
2429,單純原被告各一
2430,單純原被告各一
2431,單純原被告各一
2432,單純原被告各一
2433,單純原被告各一
2434,單純原被告各一
2435,數名被告
2436,單純原被告各一
2437,單純原被告各一
2438,數名原告
2439,單純原被告各一
2440,單純原被告各一
2441,單純原被告各一
2442,單純原被告各一
2443,單純原被告各一
2444,單純原被告各一
2445,數名被告
2446,單純原被告各一
2447,單純原被告各一
2448,單純原被告各一
2449,單純原被告各一
2450,單純原被告各一+§188僱用人案型
2451,單純原被告各一
2452,單純原被告各一
2453,單純原被告各一
2454,單純原被告各一
2455,單純原被告各一+§190動物案型
2456,單純原被告各一
2457,單純原被告各一
2458,單純原被告各一
2459,單純原被告各一
2460,單純原被告各一
2461,單純原被告各一
2462,單純原被告各一
2463,數名原告
2464,數名原告
2465,單純原被告各一
2466,單純原被告各一
2467,數名被告+§188僱用人案型
2468,單純原被告各一
2469,單純原被告各一
2470,單純原被告各一
2471,數名原告
2472,數名被告+§188僱用人案型
2473,單純原被告各一
2474,單純原被告各一
2475,單純原被告各一
2476,單純原被告各一
2477,單純原被告各一
2478,單純原被告各一
2479,單純原被告各一
2480,單純原被告各一
2481,單純原被告各一
2482,單純原被告各一
2483,單純原被告各一
2484,單純原被告各一
2485,單純原被告各一
2486,單純原被告各一
2487,單純原被告各一
2488,單純原被告各一+§188僱用人案型
2489,數名被告
2490,單純原被告各一
2491,單純原被告各一
2492,數名原告
2493,數名被告+§188僱用人案型
2494,單純原被告各一
2495,單純原被告各一
2496,數名被告+§187未成年案型
2497,數名原告
2498,單純原被告各一
2499,單純原被告各一
2500,單純原被告各一
2501,單純原被告各一
2502,單純原被告各一
2503,單純原被告各一
2504,單純原被告各一
2505,單純原被告各一
2506,單純原被告各一
2507,單純原被告各一
2508,單純原被告各一
2509,單純原被告各一
2510,單純原被告各一+§188僱用人案型
2511,單純原被告各一
2512,單純原被告各一
2513,單純原被告各一
2514,單純原被告各一
2515,單純原被告各一
2516,單純原被告各一
2517,單純原被告各一
2518,單純原被告各一
2519,單純原被告各一
2520,單純原被告各一
2521,單純原被告各一
2522,單純原被告各一
2523,單純原被告各一
2524,單純原被告各一
2525,單純原被告各一
2526,數名被告+§187未成年案型
2527,數名被告+§188僱用人案型
2528,單純原被告各一
2529,單純原被告各一
2530,單純原被告各一
2531,單純原被告各一
2532,單純原被告各一+§190動物案型
2533,單純原被告各一
2534,單純原被告各一
2535,數名被告
2536,單純原被告各一
2537,單純原被告各一
2538,單純原被告各一
2539,單純原被告各一
2540,單純原被告各一
2541,單純原被告各一
2542,單純原被告各一
2543,單純原被告各一
2544,單純原被告各一
2545,單純原被告各一+§188僱用人案型
2546,單純原被告各一
2547,單純原被告各一
2548,單純原被告各一
2549,單純原被告各一
2550,單純原被告各一
2551,單純原被告各一
2552,單純原被告各一
2553,單純原被告各一+§187未成年案型
2554,單純原被告各一
2555,單純原被告各一
2556,單純原被告各一
2557,單純原被告各一
2558,單純原被告各一
2559,單純原被告各一
2560,單純原被告各一
2561,單純原被告各一
2562,單純原被告各一
2563,單純原被告各一
2564,單純原被告各一
2565,單純原被告各一
2566,數名原告
2567,單純原被告各一
2568,單純原被告各一
2569,單純原被告各一
2570,單純原被告各一
2571,單純原被告各一
2572,單純原被告各一
2573,單純原被告各一
2574,單純原被告各一
2575,單純原被告各一
2576,單純原被告各一
2577,單純原被告各一
2578,單純原被告各一+§188僱用人案型
2579,單純原被告各一+§188僱用人案型
2580,單純原被告各一
2581,單純原被告各一+§188僱用人案型
2582,數名被告+§188僱用人案型
2583,單純原被告各一
2584,單純原被告各一
2585,單純原被告各一
2586,單純原被告各一
2587,單純原被告各一
2588,單純原被告各一
2589,單純原被告各一
2590,單純原被告各一
2591,數名原告
2592,原被告皆數名+§187未成年案型
2593,單純原被告各一
2594,單純原被告各一
2595,原被告皆數名+§188僱用人案型
2596,單純原被告各一
2597,單純原被告各一
2598,單純原被告各一
2599,單純原被告各一
2600,單純原被告各一
2601,單純原被告各一
2602,單純原被告各一
2603,單純原被告各一
2604,單純原被告各一
2605,單純原被告各一
2606,單純原被告各一
2607,數名原告
2608,單純原被告各一
2609,單純原被告各一
2610,數名原告
2611,單純原被告各一
2612,單純原被告各一
2613,單純原被告各一
2614,單純原被告各一
2615,數名原告
2616,單純原被告各一
2617,數名原告
2618,數名原告
2619,數名被告
2620,單純原被告各一
2621,單純原被告各一
2622,單純原被告各一
2623,單純原被告各一
2624,單純原被告各一
2625,單純原被告各一
2626,單純原被告各一+§188僱用人案型
2627,單純原被告各一
2628,單純原被告各一
2629,數名被告
2630,單純原被告各一
2631,單純原被告各一
2632,數名被告+§188僱用人案型
2633,單純原被告各一
2634,單純原被告各一
2635,單純原被告各一
2636,單純原被告各一
2637,單純原被告各一+§190動物案型
2638,數名被告+§188僱用人案型
2639,單純原被告各一
2640,單純原被告各一
2641,單純原被告各一
2642,單純原被告各一
2643,單純原被告各一
2644,單純原被告各一
2645,數名原告
2646,單純原被告各一
2647,單純原被告各一
2648,單純原被告各一
2649,數名原告
2650,單純原被告各一
2651,單純原被告各一
2652,單純原被告各一
2653,單純原被告各一
2654,單純原被告各一
2655,單純原被告各一
2656,數名原告
2657,單純原被告各一
2658,數名原告
2659,單純原被告各一
2660,單純原被告各一
2661,單純原被告各一
2662,單純原被告各一
2663,單純原被告各一
2664,單純原被告各一
2665,單純原被告各一
2666,數名被告
2667,單純原被告各一
2668,單純原被告各一
2669,單純原被告各一
2670,單純原被告各一
2671,數名原告
2672,單純原被告各一
2673,單純原被告各一
2674,數名被告
2675,單純原被告各一
2676,單純原被告各一
2677,單純原被告各一
2678,單純原被告各一
2679,單純原被告各一
2680,數名被告+§188僱用人案型
2681,單純原被告各一
2682,單純原被告各一
2683,單純原被告各一
2684,單純原被告各一
2685,數名被告+§187未成年案型
2686,單純原被告各一
2687,單純原被告各一
2688,單純原被告各一
2689,單純原被告各一
2690,單純原被告各一
2691,單純原被告各一
2692,單純原被告各一
2693,數名原告
2694,單純原被告各一
2695,單純原被告各一
2696,單純原被告各一+§188僱用人案型
2697,數名原告
2698,單純原被告各一
2699,單純原被告各一
2700,單純原被告各一
2701,單純原被告各一
2702,單純原被告各一
2703,單純原被告各一
2704,數名原告
2705,單純原被告各一
2706,單純原被告各一
2707,單純原被告各一
2708,單純原被告各一
2709,單純原被告各一
2710,單純原被告各一
2711,單純原被告各一
2712,單純原被告各一
2713,單純原被告各一
2714,單純原被告各一
2715,數名被告+§188僱用人案型
2716,單純原被告各一
2717,單純原被告各一
2718,單純原被告各一+§188僱用人案型
2719,單純原被告各一
2720,單純原被告各一
2721,單純原被告各一
2722,單純原被告各一
2723,單純原被告各一
2724,單純原被告各一
2725,單純原被告各一
2726,單純原被告各一
2727,單純原被告各一
2728,單純原被告各一
2729,單純原被告各一
2730,數名被告+§188僱用人案型
2731,單純原被告各一
2732,單純原被告各一
2733,單純原被告各一+§188僱用人案型
2734,單純原被告各一
2735,單純原被告各一
2736,單純原被告各一
2737,單純原被告各一
2738,單純原被告各一
2739,單純原被告各一
2740,單純原被告各一
2741,單純原被告各一
2742,單純原被告各一
2743,單純原被告各一
2744,單純原被告各一
2745,單純原被告各一
2746,數名被告
2747,數名被告+§188僱用人案型
2748,單純原被告各一
2749,單純原被告各一
2750,單純原被告各一
2751,數名原告
2752,單純原被告各一
2753,單純原被告各一+§188僱用人案型
2754,單純原被告各一
2755,單純原被告各一
2756,單純原被告各一
2757,單純原被告各一+§188僱用人案型
2758,單純原被告各一
2759,單純原被告各一
2760,單純原被告各一
2761,數名原告
2762,數名原告
2763,單純原被告各一
2764,單純原被告各一
2765,單純原被告各一
2766,單純原被告各一
2767,單純原被告各一
2768,單純原被告各一
2769,單純原被告各一
2770,單純原被告各一
2771,單純原被告各一
2772,數名被告+§188僱用人案型
2773,單純原被告各一
2774,單純原被告各一
2775,單純原被告各一
2776,單純原被告各一
2777,單純原被告各一
2778,單純原被告各一
2779,單純原被告各一
2780,單純原被告各一
2781,單純原被告各一
2782,單純原被告各一
2783,單純原被告各一
2784,數名被告+§188僱用人案型
2785,單純原被告各一
2786,單純原被告各一
2787,單純原被告各一+§188僱用人案型
2788,單純原被告各一
2789,單純原被告各一
2790,單純原被告各一
2791,單純原被告各一
2792,單純原被告各一+§188僱用人案型
2793,單純原被告各一+§188僱用人案型
2794,單純原被告各一
2795,單純原被告各一
2796,單純原被告各一
2797,單純原被告各一
2798,單純原被告各一
2799,單純原被告各一
2800,單純原被告各一+§188僱用人案型
2801,數名原告
2802,單純原被告各一
2803,單純原被告各一
2804,單純原被告各一
2805,單純原被告各一
2806,單純原被告各一
2807,單純原被告各一
2808,單純原被告各一
2809,單純原被告各一
2810,單純原被告各一
2811,單純原被告各一
2812,單純原被告各一
2813,數名被告+§187未成年案型
2814,單純原被告各一
2815,單純原被告各一
2816,單純原被告各一
2817,單純原被告各一+§188僱用人案型
2818,單純原被告各一
2819,單純原被告各一
2820,單純原被告各一
2821,單純原被告各一
2822,單純原被告各一+§188僱用人案型
2823,單純原被告各一
2824,單純原被告各一
2825,單純原被告各一
2826,單純原被告各一
2827,單純原被告各一
2828,單純原被告各一
2829,單純原被告各一
2830,單純原被告各一
2831,單純原被告各一
2832,單純原被告各一+§188僱用人案型
2833,數名原告
2834,單純原被告各一
2835,單純原被告各一+§188僱用人案型
2836,單純原被告各一
2837,單純原被告各一
2838,單純原被告各一
2839,單純原被告各一
2840,單純原被告各一+§188僱用人案型
2841,單純原被告各一
2842,單純原被告各一
2843,單純原被告各一
2844,數名被告+§187未成年案型
2845,單純原被告各一
2846,單純原被告各一
2847,單純原被告各一
2848,單純原被告各一
2849,單純原被告各一
2850,數名被告+§187未成年案型
2851,單純原被告各一+§188僱用人案型
2852,單純原被告各一
2853,單純原被告各一
2854,單純原被告各一
2855,單純原被告各一
2856,單純原被告各一
2857,單純原被告各一
2858,單純原被告各一
2859,單純原被告各一
2860,單純原被告各一+§188僱用人案型
2861,單純原被告各一
2862,單純原被告各一
2863,單純原被告各一
2864,數名原告
2865,單純原被告各一
2866,單純原被告各一
2867,單純原被告各一
2868,單純原被告各一
2869,單純原被告各一+§188僱用人案型
2870,單純原被告各一
2871,單純原被告各一
2872,單純原被告各一
2873,單純原被告各一
2874,單純原被告各一
2875,數名被告+§188僱用人案型
2876,單純原被告各一
2877,單純原被告各一
2878,數名被告+§187未成年案型
2879,單純原被告各一
2880,單純原被告各一
2881,單純原被告各一
2882,單純原被告各一
2883,單純原被告各一
2884,單純原被告各一
2885,數名被告+§188僱用人案型
2886,單純原被告各一
2887,單純原被告各一+§188僱用人案型
2888,單純原被告各一
2889,單純原被告各一
2890,數名被告+§188僱用人案型
2891,單純原被告各一+§188僱用人案型
2892,單純原被告各一
2893,單純原被告各一
2894,數名被告+§188僱用人案型
2895,單純原被告各一
2896,數名被告+§188僱用人案型
2897,單純原被告各一
2898,單純原被告各一
2899,單純原被告各一
2900,單純原被告各一
2901,數名被告+§188僱用人案型
2902,單純原被告各一
2903,單純原被告各一
2904,單純原被告各一
2905,單純原被告各一
2906,數名原告
2907,數名被告+§187未成年案型
2908,單純原被告各一
2909,單純原被告各一
2910,單純原被告各一
2911,數名原告
2912,數名原告
2913,單純原被告各一
2914,單純原被告各一
2915,單純原被告各一
2916,數名被告+§187未成年案型
2917,單純原被告各一
2918,單純原被告各一
2919,單純原被告各一
2920,單純原被告各一
2921,單純原被告各一
2922,單純原被告各一
2923,單純原被告各一
2924,單純原被告各一
2925,單純原被告各一
2926,單純原被告各一
2927,單純原被告各一
2928,單純原被告各一
2929,單純原被告各一
2930,原被告皆數名
2931,數名被告
2932,單純原被告各一
2933,單純原被告各一
2934,單純原被告各一
2935,單純原被告各一
2936,單純原被告各一
2937,數名原告
2938,單純原被告各一
2939,單純原被告各一
2940,單純原被告各一
2941,單純原被告各一
2942,單純原被告各一
2943,單純原被告各一
2944,單純原被告各一
2945,數名被告+§188僱用人案型
2946,單純原被告各一
2947,單純原被告各一
2948,單純原被告各一
2949,單純原被告各一+§188僱用人案型
2950,單純原被告各一
2951,數名被告
2952,單純原被告各一
2953,單純原被告各一
2954,單純原被告各一
2955,單純原被告各一
2956,單純原被告各一
2957,單純原被告各一
2958,單純原被告各一
2959,數名被告+§187未成年案型
2960,原被告皆數名+§187未成年案型
2961,數名原告
2962,單純原被告各一
2963,單純原被告各一
2964,單純原被告各一
2965,數名被告+§188僱用人案型
2966,單純原被告各一
2967,單純原被告各一
2968,單純原被告各一
2969,單純原被告各一
2970,單純原被告各一
2971,單純原被告各一
2972,單純原被告各一
2973,單純原被告各一
2974,單純原被告各一
2975,單純原被告各一
2976,單純原被告各一
2977,數名被告
2978,單純原被告各一
2979,數名被告
2980,單純原被告各一+§188僱用人案型
2981,單純原被告各一
2982,數名被告+§187未成年案型
2983,數名被告+§188僱用人案型
2984,單純原被告各一
2985,單純原被告各一
2986,單純原被告各一
2987,單純原被告各一
2988,單純原被告各一
2989,數名原告
2990,單純原被告各一
2991,單純原被告各一
2992,單純原被告各一
2993,數名原告
2994,單純原被告各一+§188僱用人案型
2995,單純原被告各一
